SBS,JS,r_pearson,RMSD,p_rand,FDR,FDR_BH
SBS14,0.0648950611101533,0.768452059918675,0.0388798392508697,0.000293,0.0223871497055415,0.025198
