SBS,JS,r_pearson,RMSD,p_rand,FDR,FDR_BH
SBS42,0.0604820621782051,0.693978532843998,0.0459729299275651,0.000182,0.0114616858850215,0.013889
SBS35,0.0658365394159061,0.762202838400395,0.0409324099022319,0.000323,0.0101706718155548,0.013889
SBS40c,0.0764059027281724,0.725334112071097,0.0382639152075973,0.000881,0.0184940389463443,0.0252553333333333
