SBS,JS,r_pearson,RMSD,p_rand,FDR,FDR_BH
SBS35,0.0677734522083137,0.68222591364187,0.0458821342931292,0.000395,0.019140962221247,0.03397
SBS24,0.0827683079965422,0.720846794130807,0.0406740527530578,0.001493,0.0361739956915466,0.0406178
SBS97,0.0845472830317866,0.644667370417612,0.0424758854769206,0.00174,0.0281057166792995,0.0406178
SBS10d,0.0878504053079781,0.601384689270871,0.0469349468274581,0.002249,0.0272455848326485,0.0406178
