SBS,JS,r_pearson,RMSD,p_rand,FDR,FDR_BH
SBS23,0.0510686957329522,0.825231343289246,0.0338460435717644,5.9e-05,0.00406864639059507,0.005074
SBS11,0.0719384019757808,0.679405505147435,0.0456949890308396,0.00059,0.0203432319529754,0.02537
SBS3,0.0796559842169845,0.697972297809478,0.0397919367497024,0.001156,0.0265726284041125,0.0331386666666667
