seq,pH_for_calc,pH_for_calc_errs,orig_pH,pGS_pH,pGS_pH_err,pT_pH,pT_pH_err,pA_pH,pA_pH_err,kES1_pH,kES1_pH_err,kES2_pH,kES2_pH_err,kMinor_pH,kMinor_pH_err,kGStoES1_pH,kGStoES1_pH_err,kES1toGS_pH,kES1toGS_pH_err,kGStoES2_pH,kGStoES2_pH_err,kES2toGS_pH,kES2toGS_pH_err,kES1toES2_pH,kES1toES2_pH_err,kES2toES1_pH,kES2toES1_pH_err
CTC,8.4,0,8,0.991961056524613,0.00191115306861495,0.002367605,0.000106243,0.00567133847538695,0.00190819770375801,1305.789206571,67.9930207579302,54670.7877057821,7799.91677659445,0,0,3.098612571,0.213082112,1302.690594,67.99268687,391.124415782098,598.290923199813,54279.66329,7776.937038,0,0,0,0
GTC,8.4,0,8.4,0.997082515,0.00012493,0.000568446,1.28036e-05,0.002349039,0.000124273,2674.063173765,158.003720500337,1461.494790114,89.1911991436921,1437.9117199,77.5510168685614,1.523638765,0.096388404,2672.539535,158.0036911,3.435061114,0.277529141,1458.059729,89.19076736,1157.74755,74.37633275,280.1641699,21.96181559
TTG,8.4,0,8.87,0.998572731788949,0.00014108273015968,0.001217918,0.000139678,0.000209350211050566,1.98593319451883e-05,540.000500521,67.7249804046719,39995.8144775632,2261.58193011115,0,0,0.658082821,0.11185161,539.3424177,67.72488804,6.38796756320725,10.018208088237,39989.42651,2261.559741,0,0,0,0
GTG,8.4,0,8.4,0.999335958,0.000121473,0.000488001,0.000120369,0.00017604,1.6341e-05,649.634865739,323.32732250049,11083.930582362,1565.50000677404,6055.017376,1404.3714586034,0.317078439,0.17618098,649.3177873,323.3272745,1.952172362,0.329965918,11081.97841,1565.499972,1605.212183,549.087602,4449.805193,1292.579591
