seq,pH_for_calc,pH_for_calc_errs,orig_pH,pGS_pH,pGS_pH_err,pT_pH,pT_pH_err,pA_pH,pA_pH_err,kES1_pH,kES1_pH_err,kES2_pH,kES2_pH_err,kMinor_pH,kMinor_pH_err,kGStoES1_pH,kGStoES1_pH_err,kES1toGS_pH,kES1toGS_pH_err,kGStoES2_pH,kGStoES2_pH_err,kES2toGS_pH,kES2toGS_pH_err,kES1toES2_pH,kES1toES2_pH_err,kES2toES1_pH,kES2toES1_pH_err
CTC,7.6,0,8,0.996729238116912,0.000321911879807679,0.002367605,0.000106243,0.000903156883088416,0.000303874453207758,1305.789206571,67.9930207579302,54318.6875046129,7777.14558268608,0,0,3.098612571,0.213082112,1302.690594,67.99268687,39.0242146129557,56.9536765926823,54279.66329,7776.937038,0,0,0,0
GTC,7.6,0,8.4,0.999094589114917,5.01405240338382e-05,0.000568446,1.28036e-05,0.000336964885082816,4.8478242309596e-05,2674.063173765,158.003720500337,1458.40246025561,89.1921573604487,3400.86601207397,211.384349142712,1.523638765,0.096388404,2672.539535,158.0036911,0.342731255611607,0.497948135257779,1458.059729,89.19076736,781.404069686286,50.1991726082179,2619.46194238768,205.337249742803
TTG,7.6,0,8.87,0.998748896381242,0.000139713470649508,0.001217918,0.000139678,3.31856187584463e-05,3.14804652617252e-06,540.000500521,67.7249804046719,39990.0638658056,2261.55994304027,0,0,0.658082821,0.11185161,539.3424177,67.72488804,0.637355805642367,0.955956245884556,39989.42651,2261.559741,0,0,0,0
GTG,7.6,0,8.4,0.999468801145612,0.000121118196195636,0.000488001,0.000120369,4.31978543878075e-05,1.34506984459726e-05,649.634865739,323.32732250049,11082.1731868795,1565.49999784425,42687.9318794062,12090.9630777532,0.317078439,0.17618098,649.3177873,323.3272745,0.194776879535464,0.284461518031746,11081.97841,1565.499972,1083.41350625722,370.598311192353,41604.518373149,12085.2821663101
