seq,pH_for_calc,pH_for_calc_errs,orig_pH,pGS_pH,pGS_pH_err,pT_pH,pT_pH_err,pA_pH,pA_pH_err,kES1_pH,kES1_pH_err,kES2_pH,kES2_pH_err,kMinor_pH,kMinor_pH_err,kGStoES1_pH,kGStoES1_pH_err,kES1toGS_pH,kES1toGS_pH_err,kGStoES2_pH,kGStoES2_pH_err,kES2toGS_pH,kES2toGS_pH_err,kES1toES2_pH,kES1toES2_pH_err,kES2toES1_pH,kES2toES1_pH_err
CTC,8,0,8,0.995366861,0.000769623,0.002367605,0.000106243,0.002265534,0.000762255,1305.789206571,67.9930207579302,54403.2081124,7777.06776600853,0,0,3.098612571,0.213082112,1302.690594,67.99268687,123.5448224,45.09261661,54279.66329,7776.937038,0,0,0,0
GTC,8,0,8.4,0.998585567467336,0.000122381472079736,0.000568446,1.28036e-05,0.000845986532664227,0.000121709870328758,2674.063173765,158.003720500337,1459.14476485595,89.2053730765028,1807.80831064199,90.7921206839708,1.523638765,0.096388404,2672.539535,158.0036911,1.08503585595308,1.61418817131284,1458.059729,89.19076736,951.140708433472,61.1034398842119,856.667602208514,67.1533976252074
TTG,8,0,8.87,0.998698727676646,0.00013990163160483,0.001217918,0.000139678,8.33543233535678e-05,7.90713865399796e-06,540.000500521,67.7249804046719,39991.4442830826,2261.56185808085,0,0,0.658082821,0.11185161,539.3424177,67.72488804,2.01777308255048,3.09448123723029,39989.42651,2261.559741,0,0,0,0
GTG,8,0,8.4,0.999403497981922,0.000125020331296844,0.000488001,0.000120369,0.000108501018078453,3.37844206191639e-05,649.634865739,323.32732250049,11082.5950444468,1565.50024345415,14925.074783016,3978.02463763694,0.317078439,0.17618098,649.3177873,323.3272745,0.616634446804374,0.921912687132446,11081.97841,1565.499972,1318.75265287727,451.099698512267,13606.3221301387,3952.3649982825
