seq,pH_for_calc,pH_for_calc_errs,orig_pH,pGS_pH,pGS_pH_err,pT_pH,pT_pH_err,pA_pH,pA_pH_err,kES1_pH,kES1_pH_err,kES2_pH,kES2_pH_err,kMinor_pH,kMinor_pH_err,kGStoES1_pH,kGStoES1_pH_err,kES1toGS_pH,kES1toGS_pH_err,kGStoES2_pH,kGStoES2_pH_err,kES2toGS_pH,kES2toGS_pH_err,kES1toES2_pH,kES1toES2_pH_err,kES2toES1_pH,kES2toES1_pH_err
CTC,7.4,0,8,0.997062351533964,0.000219255933786586,0.002367605,0.000106243,0.000570043466036111,0.000191795697166615,1305.789206571,67.9930207579302,54301.5958326394,7777.00139028003,0,0,3.098612571,0.213082112,1302.690594,67.99268687,21.9325426393904,31.6374999214297,54279.66329,7776.937038,0,0,0,0
GTC,7.4,0,8.4,0.999218917088586,3.31628168754001e-05,0.000568446,1.28036e-05,0.000212636911413868,3.05915061765733e-05,2674.063173765,158.003720500337,1458.25235216877,89.1911961899269,5288.74769969169,361.931884973393,1.523638765,0.096388404,2672.539535,158.0036911,0.192623168771161,0.276578242787705,1458.059729,89.19076736,708.257395939575,45.5000641141934,4580.49030375212,359.060487280344
TTG,7.4,0,8.87,0.998761143033676,0.000139692122544884,0.001217918,0.000139678,2.09389663243739e-05,1.98630740192136e-06,540.000500521,67.7249804046719,39989.7847192176,2261.55980342299,0,0,0.658082821,0.11185161,539.3424177,67.72488804,0.358209217593667,0.531363012115617,39989.42651,2261.559741,0,0,0,0
GTG,7.4,0,8.4,0.99948474256199,0.000120667827194172,0.000488001,0.000120369,2.72564380098438e-05,8.48695226583641e-06,649.634865739,323.32732250049,11082.0878792682,1565.49997997515,73733.23157836,21135.4513070241,0.317078439,0.17618098,649.3177873,323.3272745,0.109469268195361,0.158019603929746,11081.97841,1565.499972,981.995946061005,335.906869451139,72751.235632299,21132.7818454325
