seq,pH_for_calc,pH_for_calc_errs,orig_pH,pGS_pH,pGS_pH_err,pT_pH,pT_pH_err,pA_pH,pA_pH_err,kES1_pH,kES1_pH_err,kES2_pH,kES2_pH_err,kMinor_pH,kMinor_pH_err,kGStoES1_pH,kGStoES1_pH_err,kES1toGS_pH,kES1toGS_pH_err,kGStoES2_pH,kGStoES2_pH_err,kES2toGS_pH,kES2toGS_pH_err,kES1toES2_pH,kES1toES2_pH_err,kES2toES1_pH,kES2toES1_pH_err
CTC,7.2,0,8,0.997272646207951,0.000161053850140973,0.002367605,0.000106243,0.000359748792049333,0.00012104035523837,1305.789206571,67.9930207579302,54291.9899039088,7776.95689727907,0,0,3.098612571,0.213082112,1302.690594,67.99268687,12.3266139088159,17.57524168292,54279.66329,7776.937038,0,0,0,0
GTC,7.2,0,8.4,0.999297378650016,2.3163664555623e-05,0.000568446,1.28036e-05,0.000134175349984364,1.93034500202794e-05,2674.063173765,158.003720500337,1458.1679878312,89.1908996689623,8651.57665463224,629.219734087572,1.523638765,0.096388404,2672.539535,158.0036911,0.10825883119773,0.153627775027714,1458.059729,89.19076736,641.957929787209,41.2408357913214,8009.61872484504,627.866759136417
TTG,7.2,0,8.87,0.99876887030332,0.000139683622544345,0.001217918,0.000139678,1.32116966798786e-05,1.25328492807082e-06,540.000500521,67.7249804046719,39989.6278321539,2261.55976028852,0,0,0.658082821,0.11185161,539.3424177,67.72488804,0.201322153863091,0.295371396862028,39989.42651,2261.559741,0,0,0,0
GTG,7.2,0,8.4,0.999494801177264,0.000120488056437035,0.000488001,0.000120369,1.71978227359376e-05,5.35495872758108e-06,649.634865739,323.32732250049,11082.0399343488,1565.49997446123,128105.636401125,36954.8364712958,0.317078439,0.17618098,649.3177873,323.3272745,0.0615243488231668,0.0877843930105094,11081.97841,1565.499972,890.072010835078,304.462868655384,127215.56439029,36953.5822482993
