seq,pH_for_calc,pH_for_calc_errs,orig_pH,pGS_pH,pGS_pH_err,pT_pH,pT_pH_err,pA_pH,pA_pH_err,kES1_pH,kES1_pH_err,kES2_pH,kES2_pH_err,kMinor_pH,kMinor_pH_err,kGStoES1_pH,kGStoES1_pH_err,kES1toGS_pH,kES1toGS_pH_err,kGStoES2_pH,kGStoES2_pH_err,kES2toGS_pH,kES2toGS_pH_err,kES1toES2_pH,kES1toES2_pH_err,kES2toES1_pH,kES2toES1_pH_err
CTC,6.9,0,8,0.997452061137689,0.000122347873915909,0.002367605,0.000106243,0.000180333862310874,6.0674765782351e-05,1305.789206571,67.9930207579302,54284.8569798304,7776.9404432595,0,0,3.098612571,0.213082112,1302.690594,67.99268687,5.19368983041024,7.277704926045,54279.66329,7776.937038,0,0,0,0
GTC,6.9,0,8.4,0.999364302526488,1.60481591916696e-05,0.000568446,1.28036e-05,6.72514735116416e-05,9.67529020139287e-06,2674.063173765,158.003720500337,1458.10534272611,89.1907900393273,19074.8433226321,1452.27124214118,1.523638765,0.096388404,2672.539535,158.0036911,0.0456137261054007,0.0636048247177305,1458.059729,89.19076736,553.961703567902,35.5877583116657,18520.8816190642,1451.83513947302
TTG,6.9,0,8.87,0.998775460422652,0.000139679412359185,0.001217918,0.000139678,6.62157734778483e-06,6.2813454551454e-07,540.000500521,67.7249804046719,39989.5113349836,2261.55974431388,0,0,0.658082821,0.11185161,539.3424177,67.72488804,0.0848249836402529,0.122429930156277,39989.42651,2261.559741,0,0,0,0
GTG,6.9,0,8.4,0.999503379596857,0.000120398917210082,0.000488001,0.000120369,8.61940314293089e-06,2.68385997404282e-06,649.634865739,323.32732250049,11082.0043326408,1565.49997242205,294932.43086843,85449.2805270889,0.317078439,0.17618098,649.3177873,323.3272745,0.0259226408135459,0.0363514291193118,11081.97841,1565.499972,768.065607638411,262.728695398176,294164.365260792,85448.876623568
