seq,pH_for_calc,pH_for_calc_errs,orig_pH,pGS_pH,pGS_pH_err,pT_pH,pT_pH_err,pA_pH,pA_pH_err,kES1_pH,kES1_pH_err,kES2_pH,kES2_pH_err,kMinor_pH,kMinor_pH_err,kGStoES1_pH,kGStoES1_pH_err,kES1toGS_pH,kES1toGS_pH_err,kGStoES2_pH,kGStoES2_pH_err,kES2toGS_pH,kES2toGS_pH_err,kES1toES2_pH,kES1toES2_pH_err,kES2toES1_pH,kES2toES1_pH_err
CTC,7,0,8,0.997405378718206,0.000130849911095317,0.002367605,0.000106243,0.000227016281794463,7.63814387443195e-05,1305.789206571,67.9930207579302,54286.5911420487,7776.94316726025,0,0,3.098612571,0.213082112,1302.690594,67.99268687,6.92785204867776,9.76390186471388,54279.66329,7776.937038,0,0,0,0
GTC,7,0,8.4,0.999346890885264,1.76717521573623e-05,0.000568446,1.28036e-05,8.46631147358146e-05,1.21802566209107e-05,2674.063173765,158.003720500337,1458.12057305426,89.1908081860191,14587.7871896213,1098.54773547009,1.523638765,0.096388404,2672.539535,158.0036911,0.0608440542592366,0.0853382071907645,1458.059729,89.19076736,581.864709044052,37.3803107727089,14005.9224805773,1097.91158089939
TTG,7,0,8.87,0.998773745942303,0.000139680238424163,0.001217918,0.000139678,8.33605769716068e-06,7.90773185607783e-07,540.000500521,67.7249804046719,39989.539657869,2261.55974696086,0,0,0.658082821,0.11185161,539.3424177,67.72488804,0.113147869025664,0.164200085990108,39989.42651,2261.559741,0,0,0,0
GTG,7,0,8.4,0.999501147838566,0.000120416411925904,0.000488001,0.000120369,1.08511614337019e-05,3.37877198240893e-06,649.634865739,323.32732250049,11082.0129881566,1565.49997275964,223260.704237381,64619.0219438981,0.317078439,0.17618098,649.3177873,323.3272745,0.0345781565960547,0.0487693243181369,11081.97841,1565.499972,806.753009164444,275.962318190547,222453.951228216,64618.4326781834
