seq,pH_for_calc,pH_for_calc_errs,orig_pH,pGS_pH,pGS_pH_err,pT_pH,pT_pH_err,pA_pH,pA_pH_err,kES1_pH,kES1_pH_err,kES2_pH,kES2_pH_err,kMinor_pH,kMinor_pH_err,kGStoES1_pH,kGStoES1_pH_err,kES1toGS_pH,kES1toGS_pH_err,kGStoES2_pH,kGStoES2_pH_err,kES2toGS_pH,kES2toGS_pH_err,kES1toES2_pH,kES1toES2_pH_err,kES2toES1_pH,kES2toES1_pH_err
CTC,7.5,0,8,0.996914858702233,0.00026376430739132,0.002367605,0.000106243,0.000717536297767216,0.000241420866547659,1305.789206571,67.9930207579302,54308.9190629511,7777.05288316814,0,0,3.098612571,0.213082112,1302.690594,67.99268687,29.2557729511181,42.4482576521625,54279.66329,7776.937038,0,0,0,0
GTC,7.5,0,8.4,0.99916387472638,4.058294894678e-05,0.000568446,1.28036e-05,0.000267679273619848,3.85103047541428e-05,2674.063173765,158.003720500337,1458.31666864368,89.1915394117273,4207.80582109643,275.703751373843,1.523638765,0.096388404,2672.539535,158.0036911,0.256939643676928,0.371106949626557,1458.059729,89.19076736,743.932262758241,47.7918986037736,3463.87355833819,271.529911703032
TTG,7.5,0,8.87,0.998755721546114,0.000139700381820859,0.001217918,0.000139678,2.63604538858163e-05,2.50059930690885e-06,540.000500521,67.7249804046719,39989.9043245294,2261.55985330156,0,0,0.658082821,0.11185161,539.3424177,67.72488804,0.477814529360435,0.712708492151585,39989.42651,2261.559741,0,0,0,0
GTG,7.5,0,8.4,0.999477685419718,0.000120842260013748,0.000488001,0.000120369,3.43135802814574e-05,1.06843644747992e-05,649.634865739,323.32732250049,11082.1244308289,1565.49998635645,56047.6395259121,15984.9966556038,0.317078439,0.17618098,649.3177873,323.3272745,0.146020828870827,0.212014291164519,11081.97841,1565.499972,1031.4590011495,352.82647085572,55016.1805247626,15981.1023262204
