Signature,Substitution_Type,JSD,p_value,Null_N,Count_Leq,q_value,Pass_FDR
SBS42,C>A,0.06048206,0.00019800,1000000,198,0.04097040,True
SBS35,C>A,0.06583654,0.00033100,1000000,331,0.04097040,True
SBS35,C>G,0.06777345,0.00039700,1000000,397,0.04097040,True
SBS23,C>T,0.05106870,0.00006000,1000000,60,0.03096000,True
SBS11,C>T,0.07193840,0.00060500,1000000,605,0.04960971,True
SBS14,T>A,0.06489506,0.00030800,1000000,308,0.04097040,True
SBS46,T>C,0.07311246,0.00067300,1000000,673,0.04960971,True
