Trinucleotide,pB
AGA,0.005608181
AGG,NaN
AGC,0.006639163
AGT,0.030316023
CGA,0.050288966
CGC,0.059528961
CGG,0.059528961
CGT,0.321031735
GGA,0.018274154
GGC,0.059528961
GGG,0.035887547
GGT,0.083409597
TGA,0.013039727
TGC,0.003380216
TGG,NaN
TGT,0.116858985