Trinucleotide,pB
CTT,0.234854458
CTC,0.195224401
GTT,0.166287928
GTC,0.14045224
TTC,0.127507324
TTT,0.120112889
ATT,0.114448569
ATC,0.062512225
GTA,0.048782864
CTA,0.025307567
GTG,0.019476501
ATA,0.017143316
TTA,0.015012212
CTG,0.013887658
TTG,0.005714748
ATG,0.004931583