Trinucleotide,pB
CTT,0.247613194
CTC,0.239375527
GTT,0.230873538
GTC,0.14045224
TTC,0.142533128
TTT,0.120112889
ATT,0.128513655
ATC,0.065069518
GTA,0.048782864
CTA,0.025307567
GTG,0.02147489
ATA,0.017143316
TTA,0.015012212
CTG,0.013887658
TTG,0.005714748
ATG,0.005135026