Trinucleotide,pB
AAC,0.031139
AAT,0.03687
CAA,0.031139
CAG,0.199651
CAT,0.168621
GAA,0.120279
GAT,0.120279
TAA,0.01876
TAC,0.03687
TAT,0.236391