Trinucleotide;pB;pB_err
AAA;0.306;0.013
AAG;0.325;0.02
AAC;0.169;0.021
CAT;0.418;0.041
GAT;0.172;0.016
GAC;0.04545;0.04488
TAC;0.434;0.059
GAG;0.093;0.019
CAG;0.467;0.097
CAC;0.738;0.176
TAA;0.318;0.069
TAT;0.744;0.035
TAG;0.357;0.113
CAA;0.47;0.03