Sequence,Seq_G,ΔΔG (kcal/mol),pB
scaf2_AGA,AGA,-5.8,0.005608181
scaf2_AGC,AGC,-5.7,0.006639163
scaf2_AGT,AGT,-4.8,0.030316023
scaf2_CGA,CGA,-4.5,0.050288966
scaf2_CGC,CGC,-4.4,0.059528961
scaf2_CGG,CGG,-4.4,0.059528961
scaf2_CGT,CGT,-3.4,0.321031735
scaf2_GGA,GGA,-5.1,0.018274154
scaf2_GGC,GGC,-4.4,0.059528961
scaf2_GGG,GGG,-4.7,0.035887547
scaf2_GGT,GGT,-4.2,0.083409597
scaf2_TGA,TGA,-5.3,0.013039727
scaf2_TGC,TGC,-6.1,0.003380216
scaf2_TGT,TGT,-4,0.116858985